Workbook

Sheet Incoming Communications
A1: DEPARTMENT OF AGRICULTURE – REGIONAL FIELD OFFICE NO. 5
A2: Planning, Monitoring and Evaluation Division – Planning and Programming Section
A3: INCOMING COMMUNICATIONS
A4: Control No. | B4: Date Received | C4: Date of Document | D4: Document Type | E4: From (Office/Person) | F4: Subject / Title | G4: Reference No. | H4: Assigned To | I4: Target Date | J4: Date Completed | K4: Status | L4: Activity Category | M4: Remarks / Action Taken | N4: Year
A5: =IF(B5="","",CONCATENATE("PPS-",TEXT(YEAR(B5),"0000"),"-",TEXT(ROW()-4,"000"))) -> PPS-2026-001 | B5: 46176 | D5: Memorandum | E5: RDC | F5: RDC Meeting | G5: N/A | H5: MJ | I5: 46178 | K5: Pending | L5: Meeting | M5: Improve BPC | N5: =IF(B5="","",YEAR(B5)) -> 2026
A6: =IF(B6="","",CONCATENATE("PPS-",TEXT(YEAR(B6),"0000"),"-",TEXT(ROW()-4,"000"))) -> PPS-2026-002 | B6: 46177 | N6: =IF(B6="","",YEAR(B6)) -> 2026
A7: =IF(B7="","",CONCATENATE("PPS-",TEXT(YEAR(B7),"0000"),"-",TEXT(ROW()-4,"000"))) | N7: =IF(B7="","",YEAR(B7))
A8: =IF(B8="","",CONCATENATE("PPS-",TEXT(YEAR(B8),"0000"),"-",TEXT(ROW()-4,"000"))) | N8: =IF(B8="","",YEAR(B8))
A9: =IF(B9="","",CONCATENATE("PPS-",TEXT(YEAR(B9),"0000"),"-",TEXT(ROW()-4,"000"))) | N9: =IF(B9="","",YEAR(B9))
A10: =IF(B10="","",CONCATENATE("PPS-",TEXT(YEAR(B10),"0000"),"-",TEXT(ROW()-4,"000"))) | N10: =IF(B10="","",YEAR(B10))
A11: =IF(B11="","",CONCATENATE("PPS-",TEXT(YEAR(B11),"0000"),"-",TEXT(ROW()-4,"000"))) | N11: =IF(B11="","",YEAR(B11))
A12: =IF(B12="","",CONCATENATE("PPS-",TEXT(YEAR(B12),"0000"),"-",TEXT(ROW()-4,"000"))) | N12: =IF(B12="","",YEAR(B12))
A13: =IF(B13="","",CONCATENATE("PPS-",TEXT(YEAR(B13),"0000"),"-",TEXT(ROW()-4,"000"))) | N13: =IF(B13="","",YEAR(B13))
A14: =IF(B14="","",CONCATENATE("PPS-",TEXT(YEAR(B14),"0000"),"-",TEXT(ROW()-4,"000"))) | N14: =IF(B14="","",YEAR(B14))
A15: =IF(B15="","",CONCATENATE("PPS-",TEXT(YEAR(B15),"0000"),"-",TEXT(ROW()-4,"000"))) | N15: =IF(B15="","",YEAR(B15))
A16: =IF(B16="","",CONCATENATE("PPS-",TEXT(YEAR(B16),"0000"),"-",TEXT(ROW()-4,"000"))) | N16: =IF(B16="","",YEAR(B16))
A17: =IF(B17="","",CONCATENATE("PPS-",TEXT(YEAR(B17),"0000"),"-",TEXT(ROW()-4,"000"))) | N17: =IF(B17="","",YEAR(B17))
A18: =IF(B18="","",CONCATENATE("PPS-",TEXT(YEAR(B18),"0000"),"-",TEXT(ROW()-4,"000"))) | N18: =IF(B18="","",YEAR(B18))
... A204: =IF(B204="","",CONCATENATE("PPS-",TEXT(YEAR(B204),"0000"),"-",TEXT(ROW()-4,"000"))) | N204: =IF(B204="","",YEAR(B204))

Sheet Summary Dashboard
A1: INCOMING COMMUNICATIONS – SUMMARY DASHBOARD
A3: STATUS SUMMARY
A4: Status | B4: Count | C4: % of Total
A5: Pending | B5: =COUNTIF('Incoming Communications'!K5:K204,A5) -> 1 | C5: =IFERROR(B5/SUM($B$5:$B$13),0) -> 1
A6: In Progress | B6: =COUNTIF('Incoming Communications'!K5:K204,A6) -> 0 | C6: =IFERROR(B6/SUM($B$5:$B$13),0) -> 0
A7: For Compliance | B7: =COUNTIF('Incoming Communications'!K5:K204,A7) -> 0 | C7: =IFERROR(B7/SUM($B$5:$B$13),0) -> 0
A8: Accomplished | B8: =COUNTIF('Incoming Communications'!K5:K204,A8) -> 0 | C8: =IFERROR(B8/SUM($B$5:$B$13),0) -> 0
A9: Attended | B9: =COUNTIF('Incoming Communications'!K5:K204,A9) -> 0 | C9: =IFERROR(B9/SUM($B$5:$B$13),0) -> 0
A10: Forwarded | B10: =COUNTIF('Incoming Communications'!K5:K204,A10) -> 0 | C10: =IFERROR(B10/SUM($B$5:$B$13),0) -> 0
A11: Cancelled | B11: =COUNTIF('Incoming Communications'!K5:K204,A11) -> 0 | C11: =IFERROR(B11/SUM($B$5:$B$13),0) -> 0
A12: Deferred | B12: =COUNTIF('Incoming Communications'!K5:K204,A12) -> 0 | C12: =IFERROR(B12/SUM($B$5:$B$13),0) -> 0
A13: For Filing | B13: =COUNTIF('Incoming Communications'!K5:K204,A13) -> 0 | C13: =IFERROR(B13/SUM($B$5:$B$13),0) -> 0
A14: TOTAL | B14: =SUM(B5:B13) -> 1 | C14: =IFERROR(1,0) -> 1
A16: OVERDUE (Target Date Passed, Not Yet Accomplished) | B16: =SUMPRODUCT((('Incoming Communications'!I5:I204)<TODAY())*('Incoming Communications'!I5:I204<>"")*(NOT(('Incoming Communications'!K5:K204="Accomplished")+('Incoming Communications'!K5:K204="Attended")+('Incoming Communications'!K5:K204="For Filing")+('Incoming Communications'!K5:K204="Cancelled")))) -> 1
A18: BY ACTIVITY CATEGORY
A19: Category | B19: Count
A20: Coordination | B20: =COUNTIF('Incoming Communications'!L5:L204,A20) -> 0
A21: Reporting | B21: =COUNTIF('Incoming Communications'!L5:L204,A21) -> 0
A22: Planning | B22: =COUNTIF('Incoming Communications'!L5:L204,A22) -> 0
A23: Monitoring | B23: =COUNTIF('Incoming Communications'!L5:L204,A23) -> 0
A24: Evaluation | B24: =COUNTIF('Incoming Communications'!L5:L204,A24) -> 0
A25: Training/Seminar | B25: =COUNTIF('Incoming Communications'!L5:L204,A25) -> 0
A26: Meeting | B26: =COUNTIF('Incoming Communications'!L5:L204,A26) -> 1
A27: Field Activity | B27: =COUNTIF('Incoming Communications'!L5:L204,A27) -> 0
A28: Others | B28: =COUNTIF('Incoming Communications'!L5:L204,A28) -> 0

Sheet Reference Lists
A1: STAFF / ASSIGNED TO | C1: SENDER OFFICES (COMMON)
A2: MJ | C2: DA Central Office
A3: Alnee | C3: RDC 5 Secretariat
A4: Jing | C4: RLUC Secretariat
A5: MRC | C5: DILG Region 5
A6: MJ | C6: DEPDev Region 5
C7: NEDA Region 5
C8: DPWH Region 5
C9: DA RFO 5 – OED
C10: DA RFO 5 – PMED

Sheet Instructions
A1: HOW TO USE THIS LOGBOOK
A3: CONTROL NUMBER (Column A) | B3: Auto-generated. Format: PPS-YYYY-NNN. Just enter the Date Received and it appears automatically.
A4: DATE RECEIVED (Column B) | B4: Enter the date the communication was received. Use MM/DD/YYYY format.
A5: DATE OF DOCUMENT (Column C) | B5: The date printed on the document itself (may differ from date received).
A6: DOCUMENT TYPE (Column D) | B6: Select from dropdown: Letter, Memorandum, Email, Indorsement, Invitation, Order, Resolution, Report, Others.
A7: FROM (Column E) | B7: Name of the office or person who sent the communication.
A8: SUBJECT / TITLE (Column F) | B8: Write the subject line or title of the communication. Be concise but descriptive.
A9: REFERENCE NO. (Column G) | B9: Official reference/routing number from the sender (e.g., RDC 5 Resolution No. 1-14, s. 2026).
A10: ASSIGNED TO (Column H) | B10: Select staff member from dropdown. Update Reference Lists sheet to add/remove names.
A11: TARGET DATE (Column I) | B11: Deadline for action/compliance. Cells turn RED if overdue and not yet accomplished.
A12: DATE COMPLETED (Column J) | B12: Actual date the action/response was completed.
A13: STATUS (Column K) | B13: Select from dropdown. Color-coded: RED=Pending/Cancelled, GREEN=Accomplished, YELLOW=In Progress.
A14: ACTIVITY CATEGORY (Column L) | B14: Select the type of activity from dropdown for easy filtering and reporting.
A15: REMARKS (Column M) | B15: Free-text field for any additional notes, action taken, or disposition of the communication.
A17: TIP: Use Excel AutoFilter (Data tab > Filter) to filter by Status, Assigned To, or Category.
A18: TIP: The Summary Dashboard sheet auto-updates counts whenever you update the logbook.
A19: TIP: Update the Reference Lists sheet to customize staff names and common sender offices.
